1_89271574_rs786906	Sample_Diag-excap16-13000526402-KIT-AI50Mbv5_130906_snpQC.V1_htsGT_Y
1_183086757_rs2296292	Sample_Diag-excap16-13000526402-KIT-AI50Mbv5_130906_snpQC.V1_htsGT_C
2_30381505_rs1137288	Sample_Diag-excap16-13000526402-KIT-AI50Mbv5_130906_snpQC.V1_htsGT_Y
3_7620789_None	Sample_Diag-excap16-13000526402-KIT-AI50Mbv5_130906_snpQC.V1_htsGT_T
4_128565000_None	Sample_Diag-excap16-13000526402-KIT-AI50Mbv5_130906_snpQC.V1_htsGT_A
4_186112111_rs3108237	Sample_Diag-excap16-13000526402-KIT-AI50Mbv5_130906_snpQC.V1_htsGT_R
5_137426447_rs6596422	Sample_Diag-excap16-13000526402-KIT-AI50Mbv5_130906_snpQC.V1_htsGT_R
5_176402401_rs1700490	Sample_Diag-excap16-13000526402-KIT-AI50Mbv5_130906_snpQC.V1_htsGT_R
6_26505403_rs3736782	Sample_Diag-excap16-13000526402-KIT-AI50Mbv5_130906_snpQC.V1_htsGT_M
7_106799997_None	Sample_Diag-excap16-13000526402-KIT-AI50Mbv5_130906_snpQC.V1_htsGT_G
8_28384712_rs2241802	Sample_Diag-excap16-13000526402-KIT-AI50Mbv5_130906_snpQC.V1_htsGT_R
9_117853022_rs944510	Sample_Diag-excap16-13000526402-KIT-AI50Mbv5_130906_snpQC.V1_htsGT_Y
10_124457906_rs2901343	Sample_Diag-excap16-13000526402-KIT-AI50Mbv5_130906_snpQC.V1_htsGT_Y
11_8486310_rs1446464	Sample_Diag-excap16-13000526402-KIT-AI50Mbv5_130906_snpQC.V1_htsGT_M
12_49230035_rs1057908	Sample_Diag-excap16-13000526402-KIT-AI50Mbv5_130906_snpQC.V1_htsGT_S
13_25356053_None	Sample_Diag-excap16-13000526402-KIT-AI50Mbv5_130906_snpQC.V1_htsGT_T
14_71444788_None	Sample_Diag-excap16-13000526402-KIT-AI50Mbv5_130906_snpQC.V1_htsGT_G
15_83215251_None	Sample_Diag-excap16-13000526402-KIT-AI50Mbv5_130906_snpQC.V1_htsGT_T
16_70569215_None	Sample_Diag-excap16-13000526402-KIT-AI50Mbv5_130906_snpQC.V1_htsGT_A
17_4686414_rs3851	Sample_Diag-excap16-13000526402-KIT-AI50Mbv5_130906_snpQC.V1_htsGT_M
18_56247180_rs9958735	Sample_Diag-excap16-13000526402-KIT-AI50Mbv5_130906_snpQC.V1_htsGT_Y
20_47850182_rs238148	Sample_Diag-excap16-13000526402-KIT-AI50Mbv5_130906_snpQC.V1_htsGT_T
22_50885775_rs1053744	Sample_Diag-excap16-13000526402-KIT-AI50Mbv5_130906_snpQC.V1_htsGT_R
