1_89271574_rs786906	Sample_Diag-excap15-D12-6772-KIT-AI50MbXT_130716_snpQC.V1_htsGT_Y
1_183086757_rs2296292	Sample_Diag-excap15-D12-6772-KIT-AI50MbXT_130716_snpQC.V1_htsGT_M
2_30381505_rs1137288	Sample_Diag-excap15-D12-6772-KIT-AI50MbXT_130716_snpQC.V1_htsGT_C
3_7620789_rs1485175	Sample_Diag-excap15-D12-6772-KIT-AI50MbXT_130716_snpQC.V1_htsGT_Y
4_128565000_None	Sample_Diag-excap15-D12-6772-KIT-AI50MbXT_130716_snpQC.V1_htsGT_A
4_186112111_rs3108237	Sample_Diag-excap15-D12-6772-KIT-AI50MbXT_130716_snpQC.V1_htsGT_A
5_137426447_None	Sample_Diag-excap15-D12-6772-KIT-AI50MbXT_130716_snpQC.V1_htsGT_G
5_176402401_rs1700490	Sample_Diag-excap15-D12-6772-KIT-AI50MbXT_130716_snpQC.V1_htsGT_R
6_26505403_None	Sample_Diag-excap15-D12-6772-KIT-AI50MbXT_130716_snpQC.V1_htsGT_C
7_106799997_rs257376	Sample_Diag-excap15-D12-6772-KIT-AI50MbXT_130716_snpQC.V1_htsGT_R
8_28384712_rs2241802	Sample_Diag-excap15-D12-6772-KIT-AI50MbXT_130716_snpQC.V1_htsGT_G
9_117853022_None	Sample_Diag-excap15-D12-6772-KIT-AI50MbXT_130716_snpQC.V1_htsGT_0
10_124457906_rs2901343	Sample_Diag-excap15-D12-6772-KIT-AI50MbXT_130716_snpQC.V1_htsGT_T
11_8486310_rs1446464	Sample_Diag-excap15-D12-6772-KIT-AI50MbXT_130716_snpQC.V1_htsGT_M
12_49230035_rs1057908	Sample_Diag-excap15-D12-6772-KIT-AI50MbXT_130716_snpQC.V1_htsGT_G
13_25356053_None	Sample_Diag-excap15-D12-6772-KIT-AI50MbXT_130716_snpQC.V1_htsGT_T
14_71444788_None	Sample_Diag-excap15-D12-6772-KIT-AI50MbXT_130716_snpQC.V1_htsGT_G
15_83215251_None	Sample_Diag-excap15-D12-6772-KIT-AI50MbXT_130716_snpQC.V1_htsGT_T
16_70569215_None	Sample_Diag-excap15-D12-6772-KIT-AI50MbXT_130716_snpQC.V1_htsGT_0
17_4686414_None	Sample_Diag-excap15-D12-6772-KIT-AI50MbXT_130716_snpQC.V1_htsGT_A
18_56247180_rs9958735	Sample_Diag-excap15-D12-6772-KIT-AI50MbXT_130716_snpQC.V1_htsGT_C
20_47850182_rs238148	Sample_Diag-excap15-D12-6772-KIT-AI50MbXT_130716_snpQC.V1_htsGT_T
22_50885775_rs1053744	Sample_Diag-excap15-D12-6772-KIT-AI50MbXT_130716_snpQC.V1_htsGT_R
