1  1_89271574_None	Sample_Diag-excap17-13000109501-KIT-AI50Mbv5_131009_snpQC.V1_htsGT_T : T/T
1_183086757_rs2296292	Sample_Diag-excap17-13000109501-KIT-AI50Mbv5_131009_snpQC.V1_htsGT_C : C/C
2_30381505_rs1137288	Sample_Diag-excap17-13000109501-KIT-AI50Mbv5_131009_snpQC.V1_htsGT_Y : T/C
3_7620789_None	Sample_Diag-excap17-13000109501-KIT-AI50Mbv5_131009_snpQC.V1_htsGT_0 : 0
4_128565000_None	Sample_Diag-excap17-13000109501-KIT-AI50Mbv5_131009_snpQC.V1_htsGT_0 : 0
4_186112111_rs3108237	Sample_Diag-excap17-13000109501-KIT-AI50Mbv5_131009_snpQC.V1_htsGT_R : G/A
5_137426447_rs6596422	Sample_Diag-excap17-13000109501-KIT-AI50Mbv5_131009_snpQC.V1_htsGT_A : A/A
5_176402401_rs1700490	Sample_Diag-excap17-13000109501-KIT-AI50Mbv5_131009_snpQC.V1_htsGT_A : A/A
6_26505403_rs3736782	Sample_Diag-excap17-13000109501-KIT-AI50Mbv5_131009_snpQC.V1_htsGT_M : C/A
7_106799997_None	Sample_Diag-excap17-13000109501-KIT-AI50Mbv5_131009_snpQC.V1_htsGT_0 : 0
8_28384712_rs2241802	Sample_Diag-excap17-13000109501-KIT-AI50Mbv5_131009_snpQC.V1_htsGT_R : A/G
9_117853022_rs944510	Sample_Diag-excap17-13000109501-KIT-AI50Mbv5_131009_snpQC.V1_htsGT_Y : C/T
10_124457906_rs2901343	Sample_Diag-excap17-13000109501-KIT-AI50Mbv5_131009_snpQC.V1_htsGT_Y : C/T
1  11_8486310_None	Sample_Diag-excap17-13000109501-KIT-AI50Mbv5_131009_snpQC.V1_htsGT_C : C/C
12_49230035_rs1057908	Sample_Diag-excap17-13000109501-KIT-AI50Mbv5_131009_snpQC.V1_htsGT_S : T/G
1  13_25356053_None	Sample_Diag-excap17-13000109501-KIT-AI50Mbv5_131009_snpQC.V1_htsGT_T : T/T
14_71444788_None	Sample_Diag-excap17-13000109501-KIT-AI50Mbv5_131009_snpQC.V1_htsGT_0 : 0
15_83215251_None	Sample_Diag-excap17-13000109501-KIT-AI50Mbv5_131009_snpQC.V1_htsGT_0 : 0
1  16_70569215_None	Sample_Diag-excap17-13000109501-KIT-AI50Mbv5_131009_snpQC.V1_htsGT_A : A/A
1  17_4686414_None	Sample_Diag-excap17-13000109501-KIT-AI50Mbv5_131009_snpQC.V1_htsGT_A : A/A
18_56247180_rs9958735	Sample_Diag-excap17-13000109501-KIT-AI50Mbv5_131009_snpQC.V1_htsGT_C : C/C
20_47850182_rs238148	Sample_Diag-excap17-13000109501-KIT-AI50Mbv5_131009_snpQC.V1_htsGT_Y : C/T
1  22_50885775_None	Sample_Diag-excap17-13000109501-KIT-AI50Mbv5_131009_snpQC.V1_htsGT_A : A/A
