1  1_89271574_None	Sample_Diag-excap17-13000702500-KIT-AI50Mbv5_131009_snpQC.V1_htsGT_T : T/T
1  1_183086757_None	Sample_Diag-excap17-13000702500-KIT-AI50Mbv5_131009_snpQC.V1_htsGT_A : A/A
2_30381505_rs1137288	Sample_Diag-excap17-13000702500-KIT-AI50Mbv5_131009_snpQC.V1_htsGT_Y : T/C
1  3_7620789_None	Sample_Diag-excap17-13000702500-KIT-AI50Mbv5_131009_snpQC.V1_htsGT_T : T/T
4_128565000_rs3749507	Sample_Diag-excap17-13000702500-KIT-AI50Mbv5_131009_snpQC.V1_htsGT_G : G/G
4_186112111_rs3108237	Sample_Diag-excap17-13000702500-KIT-AI50Mbv5_131009_snpQC.V1_htsGT_A : A/A
1  5_137426447_None	Sample_Diag-excap17-13000702500-KIT-AI50Mbv5_131009_snpQC.V1_htsGT_G : G/G
5_176402401_rs1700490	Sample_Diag-excap17-13000702500-KIT-AI50Mbv5_131009_snpQC.V1_htsGT_A : A/A
6_26505403_rs3736782	Sample_Diag-excap17-13000702500-KIT-AI50Mbv5_131009_snpQC.V1_htsGT_M : C/A
7_106799997_None	Sample_Diag-excap17-13000702500-KIT-AI50Mbv5_131009_snpQC.V1_htsGT_0 : 0
8_28384712_rs2241802	Sample_Diag-excap17-13000702500-KIT-AI50Mbv5_131009_snpQC.V1_htsGT_G : G/G
9_117853022_None	Sample_Diag-excap17-13000702500-KIT-AI50Mbv5_131009_snpQC.V1_htsGT_0 : 0
1  10_124457906_None	Sample_Diag-excap17-13000702500-KIT-AI50Mbv5_131009_snpQC.V1_htsGT_C : C/C
11_8486310_rs1446464	Sample_Diag-excap17-13000702500-KIT-AI50Mbv5_131009_snpQC.V1_htsGT_A : A/A
12_49230035_rs1057908	Sample_Diag-excap17-13000702500-KIT-AI50Mbv5_131009_snpQC.V1_htsGT_G : G/G
13_25356053_rs9707144	Sample_Diag-excap17-13000702500-KIT-AI50Mbv5_131009_snpQC.V1_htsGT_Y : T/C
1  14_71444788_None	Sample_Diag-excap17-13000702500-KIT-AI50Mbv5_131009_snpQC.V1_htsGT_G : G/G
15_83215251_rs1267657	Sample_Diag-excap17-13000702500-KIT-AI50Mbv5_131009_snpQC.V1_htsGT_C : C/C
16_70569215_rs33910368	Sample_Diag-excap17-13000702500-KIT-AI50Mbv5_131009_snpQC.V1_htsGT_T : T/T
1  17_4686414_None	Sample_Diag-excap17-13000702500-KIT-AI50Mbv5_131009_snpQC.V1_htsGT_A : A/A
18_56247180_None	Sample_Diag-excap17-13000702500-KIT-AI50Mbv5_131009_snpQC.V1_htsGT_0 : 0
20_47850182_rs238148	Sample_Diag-excap17-13000702500-KIT-AI50Mbv5_131009_snpQC.V1_htsGT_T : T/T
22_50885775_rs1053744	Sample_Diag-excap17-13000702500-KIT-AI50Mbv5_131009_snpQC.V1_htsGT_G : G/G
