1_89271574_rs786906	Sample_Diag-excap25-14000429301-EE-KIT-Av5_140603_/Volumes/DATA.ODIN/diagnosticBundle/script/amg/fingerprinting/testData/snpQC.V1_tmGT_Y : C/T
1_183086757_rs2296292	Sample_Diag-excap25-14000429301-EE-KIT-Av5_140603_/Volumes/DATA.ODIN/diagnosticBundle/script/amg/fingerprinting/testData/snpQC.V1_tmGT_A : A/A
2_30381505_rs1137288	Sample_Diag-excap25-14000429301-EE-KIT-Av5_140603_/Volumes/DATA.ODIN/diagnosticBundle/script/amg/fingerprinting/testData/snpQC.V1_tmGT_T : T/T
3_7620789_rs1485175	Sample_Diag-excap25-14000429301-EE-KIT-Av5_140603_/Volumes/DATA.ODIN/diagnosticBundle/script/amg/fingerprinting/testData/snpQC.V1_tmGT_Y : C/T
4_128565000_rs3749507	Sample_Diag-excap25-14000429301-EE-KIT-Av5_140603_/Volumes/DATA.ODIN/diagnosticBundle/script/amg/fingerprinting/testData/snpQC.V1_tmGT_A : A/A
4_186112111_rs3108237	Sample_Diag-excap25-14000429301-EE-KIT-Av5_140603_/Volumes/DATA.ODIN/diagnosticBundle/script/amg/fingerprinting/testData/snpQC.V1_tmGT_R : A/G
5_137426447_rs6596422	Sample_Diag-excap25-14000429301-EE-KIT-Av5_140603_/Volumes/DATA.ODIN/diagnosticBundle/script/amg/fingerprinting/testData/snpQC.V1_tmGT_0 : 0/0
5_176402401_rs1700490	Sample_Diag-excap25-14000429301-EE-KIT-Av5_140603_/Volumes/DATA.ODIN/diagnosticBundle/script/amg/fingerprinting/testData/snpQC.V1_tmGT_G : G/G
6_26505403_rs3736782	Sample_Diag-excap25-14000429301-EE-KIT-Av5_140603_/Volumes/DATA.ODIN/diagnosticBundle/script/amg/fingerprinting/testData/snpQC.V1_tmGT_C : C/C
7_106799997_rs257376	Sample_Diag-excap25-14000429301-EE-KIT-Av5_140603_/Volumes/DATA.ODIN/diagnosticBundle/script/amg/fingerprinting/testData/snpQC.V1_tmGT_A : A/A
8_28384712_rs2241802	Sample_Diag-excap25-14000429301-EE-KIT-Av5_140603_/Volumes/DATA.ODIN/diagnosticBundle/script/amg/fingerprinting/testData/snpQC.V1_tmGT_G : G/G
9_117853022_rs944510	Sample_Diag-excap25-14000429301-EE-KIT-Av5_140603_/Volumes/DATA.ODIN/diagnosticBundle/script/amg/fingerprinting/testData/snpQC.V1_tmGT_Y : C/T
10_124457906_rs2901343	Sample_Diag-excap25-14000429301-EE-KIT-Av5_140603_/Volumes/DATA.ODIN/diagnosticBundle/script/amg/fingerprinting/testData/snpQC.V1_tmGT_Y : C/T
11_8486310_rs1446464	Sample_Diag-excap25-14000429301-EE-KIT-Av5_140603_/Volumes/DATA.ODIN/diagnosticBundle/script/amg/fingerprinting/testData/snpQC.V1_tmGT_C : C/C
12_49230035_rs1057908	Sample_Diag-excap25-14000429301-EE-KIT-Av5_140603_/Volumes/DATA.ODIN/diagnosticBundle/script/amg/fingerprinting/testData/snpQC.V1_tmGT_G : G/G
13_25356053_rs9707144	Sample_Diag-excap25-14000429301-EE-KIT-Av5_140603_/Volumes/DATA.ODIN/diagnosticBundle/script/amg/fingerprinting/testData/snpQC.V1_tmGT_Y : C/T
14_71444788_rs3814871	Sample_Diag-excap25-14000429301-EE-KIT-Av5_140603_/Volumes/DATA.ODIN/diagnosticBundle/script/amg/fingerprinting/testData/snpQC.V1_tmGT_0 : 0/0
15_83215251_rs1267657	Sample_Diag-excap25-14000429301-EE-KIT-Av5_140603_/Volumes/DATA.ODIN/diagnosticBundle/script/amg/fingerprinting/testData/snpQC.V1_tmGT_0 : 0/0
16_70569215_rs33910368	Sample_Diag-excap25-14000429301-EE-KIT-Av5_140603_/Volumes/DATA.ODIN/diagnosticBundle/script/amg/fingerprinting/testData/snpQC.V1_tmGT_W : A/T
17_4686414_rs3851	Sample_Diag-excap25-14000429301-EE-KIT-Av5_140603_/Volumes/DATA.ODIN/diagnosticBundle/script/amg/fingerprinting/testData/snpQC.V1_tmGT_M : A/C
18_56247180_rs9958735	Sample_Diag-excap25-14000429301-EE-KIT-Av5_140603_/Volumes/DATA.ODIN/diagnosticBundle/script/amg/fingerprinting/testData/snpQC.V1_tmGT_Y : C/T
20_47850182_rs238148	Sample_Diag-excap25-14000429301-EE-KIT-Av5_140603_/Volumes/DATA.ODIN/diagnosticBundle/script/amg/fingerprinting/testData/snpQC.V1_tmGT_0 : 0/0
22_50885775_rs1053744	Sample_Diag-excap25-14000429301-EE-KIT-Av5_140603_/Volumes/DATA.ODIN/diagnosticBundle/script/amg/fingerprinting/testData/snpQC.V1_tmGT_0 : 0/0
