1_89271574_None	Sample_Diag-excap25-13001163701-Bindevev-KIT-Av5_140612_snpQC.V1_htsGT_T : T/T
1_183086757_rs2296292	Sample_Diag-excap25-13001163701-Bindevev-KIT-Av5_140612_snpQC.V1_htsGT_C : C/C
2_30381505_rs1137288	Sample_Diag-excap25-13001163701-Bindevev-KIT-Av5_140612_snpQC.V1_htsGT_Y : T/C
3_7620789_rs1485175	Sample_Diag-excap25-13001163701-Bindevev-KIT-Av5_140612_snpQC.V1_htsGT_C : C/C
4_128565000_rs3749507	Sample_Diag-excap25-13001163701-Bindevev-KIT-Av5_140612_snpQC.V1_htsGT_G : G/G
4_186112111_None	Sample_Diag-excap25-13001163701-Bindevev-KIT-Av5_140612_snpQC.V1_htsGT_G : G/G
5_137426447_None	Sample_Diag-excap25-13001163701-Bindevev-KIT-Av5_140612_snpQC.V1_htsGT_G : G/G
5_176402401_rs1700490	Sample_Diag-excap25-13001163701-Bindevev-KIT-Av5_140612_snpQC.V1_htsGT_A : A/A
6_26505403_rs3736782	Sample_Diag-excap25-13001163701-Bindevev-KIT-Av5_140612_snpQC.V1_htsGT_M : C/A
7_106799997_rs257376	Sample_Diag-excap25-13001163701-Bindevev-KIT-Av5_140612_snpQC.V1_htsGT_A : A/A
8_28384712_rs2241802	Sample_Diag-excap25-13001163701-Bindevev-KIT-Av5_140612_snpQC.V1_htsGT_G : G/G
9_117853022_None	Sample_Diag-excap25-13001163701-Bindevev-KIT-Av5_140612_snpQC.V1_htsGT_C : C/C
10_124457906_None	Sample_Diag-excap25-13001163701-Bindevev-KIT-Av5_140612_snpQC.V1_htsGT_C : C/C
11_8486310_rs1446464	Sample_Diag-excap25-13001163701-Bindevev-KIT-Av5_140612_snpQC.V1_htsGT_M : C/A
12_49230035_None	Sample_Diag-excap25-13001163701-Bindevev-KIT-Av5_140612_snpQC.V1_htsGT_T : T/T
13_25356053_None	Sample_Diag-excap25-13001163701-Bindevev-KIT-Av5_140612_snpQC.V1_htsGT_T : T/T
14_71444788_None	Sample_Diag-excap25-13001163701-Bindevev-KIT-Av5_140612_snpQC.V1_htsGT_G : G/G
15_83215251_rs1267657	Sample_Diag-excap25-13001163701-Bindevev-KIT-Av5_140612_snpQC.V1_htsGT_Y : T/C
16_70569215_rs33910368	Sample_Diag-excap25-13001163701-Bindevev-KIT-Av5_140612_snpQC.V1_htsGT_W : A/T
17_4686414_rs3851	Sample_Diag-excap25-13001163701-Bindevev-KIT-Av5_140612_snpQC.V1_htsGT_C : C/C
18_56247180_rs9958735	Sample_Diag-excap25-13001163701-Bindevev-KIT-Av5_140612_snpQC.V1_htsGT_Y : T/C
20_47850182_rs238148	Sample_Diag-excap25-13001163701-Bindevev-KIT-Av5_140612_snpQC.V1_htsGT_T : T/T
22_50885775_None	Sample_Diag-excap25-13001163701-Bindevev-KIT-Av5_140612_snpQC.V1_htsGT_A : A/A
