1_89271574_rs786906	Sample_Diag-excap16-13000251401-KIT-AI50Mbv5_130906_snpQC.V1_htsGT_Y : T/C
1  1_183086757_None	Sample_Diag-excap16-13000251401-KIT-AI50Mbv5_130906_snpQC.V1_htsGT_A : A/A
1  2_30381505_None	Sample_Diag-excap16-13000251401-KIT-AI50Mbv5_130906_snpQC.V1_htsGT_T : T/T
1  3_7620789_None	Sample_Diag-excap16-13000251401-KIT-AI50Mbv5_130906_snpQC.V1_htsGT_T : T/T
4_128565000_None	Sample_Diag-excap16-13000251401-KIT-AI50Mbv5_130906_snpQC.V1_htsGT_0 : 0
4_186112111_rs3108237	Sample_Diag-excap16-13000251401-KIT-AI50Mbv5_130906_snpQC.V1_htsGT_R : G/A
5_137426447_rs6596422	Sample_Diag-excap16-13000251401-KIT-AI50Mbv5_130906_snpQC.V1_htsGT_A : A/A
5_176402401_rs1700490	Sample_Diag-excap16-13000251401-KIT-AI50Mbv5_130906_snpQC.V1_htsGT_R : G/A
1  6_26505403_None	Sample_Diag-excap16-13000251401-KIT-AI50Mbv5_130906_snpQC.V1_htsGT_C : C/C
7_106799997_rs257376	Sample_Diag-excap16-13000251401-KIT-AI50Mbv5_130906_snpQC.V1_htsGT_R : G/A
1  8_28384712_None	Sample_Diag-excap16-13000251401-KIT-AI50Mbv5_130906_snpQC.V1_htsGT_A : A/A
9_117853022_rs944510	Sample_Diag-excap16-13000251401-KIT-AI50Mbv5_130906_snpQC.V1_htsGT_T : T/T
10_124457906_rs2901343	Sample_Diag-excap16-13000251401-KIT-AI50Mbv5_130906_snpQC.V1_htsGT_Y : C/T
1  11_8486310_None	Sample_Diag-excap16-13000251401-KIT-AI50Mbv5_130906_snpQC.V1_htsGT_C : C/C
12_49230035_rs1057908	Sample_Diag-excap16-13000251401-KIT-AI50Mbv5_130906_snpQC.V1_htsGT_S : T/G
13_25356053_rs9707144	Sample_Diag-excap16-13000251401-KIT-AI50Mbv5_130906_snpQC.V1_htsGT_C : C/C
1  14_71444788_None	Sample_Diag-excap16-13000251401-KIT-AI50Mbv5_130906_snpQC.V1_htsGT_G : G/G
1  15_83215251_None	Sample_Diag-excap16-13000251401-KIT-AI50Mbv5_130906_snpQC.V1_htsGT_T : T/T
1  16_70569215_None	Sample_Diag-excap16-13000251401-KIT-AI50Mbv5_130906_snpQC.V1_htsGT_A : A/A
1  17_4686414_None	Sample_Diag-excap16-13000251401-KIT-AI50Mbv5_130906_snpQC.V1_htsGT_A : A/A
1  18_56247180_None	Sample_Diag-excap16-13000251401-KIT-AI50Mbv5_130906_snpQC.V1_htsGT_T : T/T
20_47850182_rs238148	Sample_Diag-excap16-13000251401-KIT-AI50Mbv5_130906_snpQC.V1_htsGT_T : T/T
22_50885775_rs1053744	Sample_Diag-excap16-13000251401-KIT-AI50Mbv5_130906_snpQC.V1_htsGT_R : A/G
