1_89271574_rs786906	2_4_snpQC.V1_htsGT_Y : T/C
1_183086757_rs2296292	2_4_snpQC.V1_htsGT_M : A/C
2_30381505_rs1137288	2_4_snpQC.V1_htsGT_Y : T/C
3_7620789_rs1485175	2_4_snpQC.V1_htsGT_Y : T/C
4_128565000_None	2_4_snpQC.V1_htsGT_A : A/A
4_186112111_None	2_4_snpQC.V1_htsGT_G : G/G
5_137426447_rs6596422	2_4_snpQC.V1_htsGT_R : G/A
5_176402401_rs1700490	2_4_snpQC.V1_htsGT_R : G/A
6_26505403_None	2_4_snpQC.V1_htsGT_C : C/C
7_106799997_rs257376	2_4_snpQC.V1_htsGT_R : G/A
8_28384712_None	2_4_snpQC.V1_htsGT_A : A/A
9_117853022_None	2_4_snpQC.V1_htsGT_C : C/C
10_124457906_rs2901343	2_4_snpQC.V1_htsGT_Y : C/T
11_8486310_rs1446464	2_4_snpQC.V1_htsGT_M : C/A
12_49230035_rs1057908	2_4_snpQC.V1_htsGT_G : G/G
13_25356053_rs9707144	2_4_snpQC.V1_htsGT_C : C/C
14_71444788_rs3814871	2_4_snpQC.V1_htsGT_A : A/A
15_83215251_None	2_4_snpQC.V1_htsGT_T : T/T
16_70569215_None	2_4_snpQC.V1_htsGT_A : A/A
17_4686414_rs3851	2_4_snpQC.V1_htsGT_M : A/C
18_56247180_None	2_4_snpQC.V1_htsGT_T : T/T
20_47850182_rs238148	2_4_snpQC.V1_htsGT_T : T/T
22_50885775_rs1053744	2_4_snpQC.V1_htsGT_R : A/G
