1_89271574_rs786906	Sample_Diag-excap15-13000303501-KIT-AI50MbXT_130716_snpQC.V1_htsGT_C : C/C
1_183086757_rs2296292	Sample_Diag-excap15-13000303501-KIT-AI50MbXT_130716_snpQC.V1_htsGT_M : A/C
2_30381505_rs1137288	Sample_Diag-excap15-13000303501-KIT-AI50MbXT_130716_snpQC.V1_htsGT_C : C/C
3_7620789_rs1485175	Sample_Diag-excap15-13000303501-KIT-AI50MbXT_130716_snpQC.V1_htsGT_Y : T/C
4_128565000_rs3749507	Sample_Diag-excap15-13000303501-KIT-AI50MbXT_130716_snpQC.V1_htsGT_R : A/G
4_186112111_None	Sample_Diag-excap15-13000303501-KIT-AI50MbXT_130716_snpQC.V1_htsGT_0 : 0
5_137426447_rs6596422	Sample_Diag-excap15-13000303501-KIT-AI50MbXT_130716_snpQC.V1_htsGT_R : G/A
5_176402401_rs1700490	Sample_Diag-excap15-13000303501-KIT-AI50MbXT_130716_snpQC.V1_htsGT_R : G/A
1  6_26505403_None	Sample_Diag-excap15-13000303501-KIT-AI50MbXT_130716_snpQC.V1_htsGT_C : C/C
7_106799997_rs257376	Sample_Diag-excap15-13000303501-KIT-AI50MbXT_130716_snpQC.V1_htsGT_R : G/A
8_28384712_rs2241802	Sample_Diag-excap15-13000303501-KIT-AI50MbXT_130716_snpQC.V1_htsGT_G : G/G
9_117853022_rs944510	Sample_Diag-excap15-13000303501-KIT-AI50MbXT_130716_snpQC.V1_htsGT_Y : C/T
1  10_124457906_None	Sample_Diag-excap15-13000303501-KIT-AI50MbXT_130716_snpQC.V1_htsGT_C : C/C
11_8486310_rs1446464	Sample_Diag-excap15-13000303501-KIT-AI50MbXT_130716_snpQC.V1_htsGT_M : C/A
12_49230035_rs1057908	Sample_Diag-excap15-13000303501-KIT-AI50MbXT_130716_snpQC.V1_htsGT_G : G/G
1  13_25356053_None	Sample_Diag-excap15-13000303501-KIT-AI50MbXT_130716_snpQC.V1_htsGT_T : T/T
14_71444788_rs3814871	Sample_Diag-excap15-13000303501-KIT-AI50MbXT_130716_snpQC.V1_htsGT_A : A/A
1  15_83215251_None	Sample_Diag-excap15-13000303501-KIT-AI50MbXT_130716_snpQC.V1_htsGT_T : T/T
16_70569215_None	Sample_Diag-excap15-13000303501-KIT-AI50MbXT_130716_snpQC.V1_htsGT_0 : 0
17_4686414_rs3851	Sample_Diag-excap15-13000303501-KIT-AI50MbXT_130716_snpQC.V1_htsGT_M : A/C
18_56247180_rs9958735	Sample_Diag-excap15-13000303501-KIT-AI50MbXT_130716_snpQC.V1_htsGT_C : C/C
20_47850182_rs238148	Sample_Diag-excap15-13000303501-KIT-AI50MbXT_130716_snpQC.V1_htsGT_Y : C/T
22_50885775_rs1053744	Sample_Diag-excap15-13000303501-KIT-AI50MbXT_130716_snpQC.V1_htsGT_R : A/G
