1_89271574_rs786906	Sample_Diag-excap19-13000830801-Ciliopati-KIT-Av5_140103_snpQC.V1_htsGT_Y : T/C
1_183086757_rs2296292	Sample_Diag-excap19-13000830801-Ciliopati-KIT-Av5_140103_snpQC.V1_htsGT_M : A/C
2_30381505_None	Sample_Diag-excap19-13000830801-Ciliopati-KIT-Av5_140103_snpQC.V1_htsGT_T : T/T
3_7620789_rs1485175	Sample_Diag-excap19-13000830801-Ciliopati-KIT-Av5_140103_snpQC.V1_htsGT_Y : T/C
4_128565000_rs3749507	Sample_Diag-excap19-13000830801-Ciliopati-KIT-Av5_140103_snpQC.V1_htsGT_G : G/G
4_186112111_rs3108237	Sample_Diag-excap19-13000830801-Ciliopati-KIT-Av5_140103_snpQC.V1_htsGT_R : G/A
5_137426447_rs6596422	Sample_Diag-excap19-13000830801-Ciliopati-KIT-Av5_140103_snpQC.V1_htsGT_R : G/A
5_176402401_None	Sample_Diag-excap19-13000830801-Ciliopati-KIT-Av5_140103_snpQC.V1_htsGT_G : G/G
6_26505403_rs3736782	Sample_Diag-excap19-13000830801-Ciliopati-KIT-Av5_140103_snpQC.V1_htsGT_A : A/A
7_106799997_None	Sample_Diag-excap19-13000830801-Ciliopati-KIT-Av5_140103_snpQC.V1_htsGT_G : G/G
8_28384712_rs2241802	Sample_Diag-excap19-13000830801-Ciliopati-KIT-Av5_140103_snpQC.V1_htsGT_R : A/G
9_117853022_rs944510	Sample_Diag-excap19-13000830801-Ciliopati-KIT-Av5_140103_snpQC.V1_htsGT_T : T/T
10_124457906_rs2901343	Sample_Diag-excap19-13000830801-Ciliopati-KIT-Av5_140103_snpQC.V1_htsGT_T : T/T
11_8486310_None	Sample_Diag-excap19-13000830801-Ciliopati-KIT-Av5_140103_snpQC.V1_htsGT_C : C/C
12_49230035_rs1057908	Sample_Diag-excap19-13000830801-Ciliopati-KIT-Av5_140103_snpQC.V1_htsGT_S : T/G
13_25356053_rs9707144	Sample_Diag-excap19-13000830801-Ciliopati-KIT-Av5_140103_snpQC.V1_htsGT_Y : T/C
14_71444788_None	Sample_Diag-excap19-13000830801-Ciliopati-KIT-Av5_140103_snpQC.V1_htsGT_G : G/G
15_83215251_rs1267657	Sample_Diag-excap19-13000830801-Ciliopati-KIT-Av5_140103_snpQC.V1_htsGT_C : C/C
16_70569215_rs33910368	Sample_Diag-excap19-13000830801-Ciliopati-KIT-Av5_140103_snpQC.V1_htsGT_W : A/T
17_4686414_None	Sample_Diag-excap19-13000830801-Ciliopati-KIT-Av5_140103_snpQC.V1_htsGT_A : A/A
18_56247180_None	Sample_Diag-excap19-13000830801-Ciliopati-KIT-Av5_140103_snpQC.V1_htsGT_T : T/T
20_47850182_rs238148	Sample_Diag-excap19-13000830801-Ciliopati-KIT-Av5_140103_snpQC.V1_htsGT_T : T/T
22_50885775_rs1053744	Sample_Diag-excap19-13000830801-Ciliopati-KIT-Av5_140103_snpQC.V1_htsGT_G : G/G
